--
-- PostgreSQL database dump
--

\restrict 6hy0Z0ybE5f3UEVZuK4ziJk3MrhNTyFtYentqPN8rcgo5HKQwQwnNwKMUWDajXV

-- Dumped from database version 18.3
-- Dumped by pg_dump version 18.3

SET statement_timeout = 0;
SET lock_timeout = 0;
SET idle_in_transaction_session_timeout = 0;
SET transaction_timeout = 0;
SET client_encoding = 'WIN1251';
SET standard_conforming_strings = on;
SELECT pg_catalog.set_config('search_path', '', false);
SET check_function_bodies = false;
SET xmloption = content;
SET client_min_messages = warning;
SET row_security = off;

SET default_tablespace = '';

SET default_table_access_method = heap;

--
-- Name: appointments; Type: TABLE; Schema: public; Owner: postgres
--

CREATE TABLE public.appointments (
    id bigint NOT NULL,
    status character varying(15) NOT NULL,
    comment text,
    created_at timestamp with time zone NOT NULL,
    updated_at timestamp with time zone NOT NULL,
    client_id bigint NOT NULL,
    psychologist_id bigint NOT NULL,
    time_slot_id bigint NOT NULL
);


ALTER TABLE public.appointments OWNER TO postgres;

--
-- Name: appointments_id_seq; Type: SEQUENCE; Schema: public; Owner: postgres
--

ALTER TABLE public.appointments ALTER COLUMN id ADD GENERATED BY DEFAULT AS IDENTITY (
    SEQUENCE NAME public.appointments_id_seq
    START WITH 1
    INCREMENT BY 1
    NO MINVALUE
    NO MAXVALUE
    CACHE 1
);


--
-- Name: auth_group; Type: TABLE; Schema: public; Owner: postgres
--

CREATE TABLE public.auth_group (
    id integer NOT NULL,
    name character varying(150) NOT NULL
);


ALTER TABLE public.auth_group OWNER TO postgres;

--
-- Name: auth_group_id_seq; Type: SEQUENCE; Schema: public; Owner: postgres
--

ALTER TABLE public.auth_group ALTER COLUMN id ADD GENERATED BY DEFAULT AS IDENTITY (
    SEQUENCE NAME public.auth_group_id_seq
    START WITH 1
    INCREMENT BY 1
    NO MINVALUE
    NO MAXVALUE
    CACHE 1
);


--
-- Name: auth_group_permissions; Type: TABLE; Schema: public; Owner: postgres
--

CREATE TABLE public.auth_group_permissions (
    id bigint NOT NULL,
    group_id integer NOT NULL,
    permission_id integer NOT NULL
);


ALTER TABLE public.auth_group_permissions OWNER TO postgres;

--
-- Name: auth_group_permissions_id_seq; Type: SEQUENCE; Schema: public; Owner: postgres
--

ALTER TABLE public.auth_group_permissions ALTER COLUMN id ADD GENERATED BY DEFAULT AS IDENTITY (
    SEQUENCE NAME public.auth_group_permissions_id_seq
    START WITH 1
    INCREMENT BY 1
    NO MINVALUE
    NO MAXVALUE
    CACHE 1
);


--
-- Name: auth_permission; Type: TABLE; Schema: public; Owner: postgres
--

CREATE TABLE public.auth_permission (
    id integer NOT NULL,
    name character varying(255) NOT NULL,
    content_type_id integer NOT NULL,
    codename character varying(100) NOT NULL
);


ALTER TABLE public.auth_permission OWNER TO postgres;

--
-- Name: auth_permission_id_seq; Type: SEQUENCE; Schema: public; Owner: postgres
--

ALTER TABLE public.auth_permission ALTER COLUMN id ADD GENERATED BY DEFAULT AS IDENTITY (
    SEQUENCE NAME public.auth_permission_id_seq
    START WITH 1
    INCREMENT BY 1
    NO MINVALUE
    NO MAXVALUE
    CACHE 1
);


--
-- Name: client_profiles; Type: TABLE; Schema: public; Owner: postgres
--

CREATE TABLE public.client_profiles (
    id bigint NOT NULL,
    first_name character varying(100) NOT NULL,
    last_name character varying(100) NOT NULL,
    phone character varying(20),
    date_of_birth date,
    avatar character varying(100),
    is_profile_complete boolean NOT NULL,
    user_id bigint NOT NULL
);


ALTER TABLE public.client_profiles OWNER TO postgres;

--
-- Name: client_profiles_id_seq; Type: SEQUENCE; Schema: public; Owner: postgres
--

ALTER TABLE public.client_profiles ALTER COLUMN id ADD GENERATED BY DEFAULT AS IDENTITY (
    SEQUENCE NAME public.client_profiles_id_seq
    START WITH 1
    INCREMENT BY 1
    NO MINVALUE
    NO MAXVALUE
    CACHE 1
);


--
-- Name: django_admin_log; Type: TABLE; Schema: public; Owner: postgres
--

CREATE TABLE public.django_admin_log (
    id integer NOT NULL,
    action_time timestamp with time zone NOT NULL,
    object_id text,
    object_repr character varying(200) NOT NULL,
    action_flag smallint NOT NULL,
    change_message text NOT NULL,
    content_type_id integer,
    user_id bigint NOT NULL,
    CONSTRAINT django_admin_log_action_flag_check CHECK ((action_flag >= 0))
);


ALTER TABLE public.django_admin_log OWNER TO postgres;

--
-- Name: django_admin_log_id_seq; Type: SEQUENCE; Schema: public; Owner: postgres
--

ALTER TABLE public.django_admin_log ALTER COLUMN id ADD GENERATED BY DEFAULT AS IDENTITY (
    SEQUENCE NAME public.django_admin_log_id_seq
    START WITH 1
    INCREMENT BY 1
    NO MINVALUE
    NO MAXVALUE
    CACHE 1
);


--
-- Name: django_content_type; Type: TABLE; Schema: public; Owner: postgres
--

CREATE TABLE public.django_content_type (
    id integer NOT NULL,
    app_label character varying(100) NOT NULL,
    model character varying(100) NOT NULL
);


ALTER TABLE public.django_content_type OWNER TO postgres;

--
-- Name: django_content_type_id_seq; Type: SEQUENCE; Schema: public; Owner: postgres
--

ALTER TABLE public.django_content_type ALTER COLUMN id ADD GENERATED BY DEFAULT AS IDENTITY (
    SEQUENCE NAME public.django_content_type_id_seq
    START WITH 1
    INCREMENT BY 1
    NO MINVALUE
    NO MAXVALUE
    CACHE 1
);


--
-- Name: django_migrations; Type: TABLE; Schema: public; Owner: postgres
--

CREATE TABLE public.django_migrations (
    id bigint NOT NULL,
    app character varying(255) NOT NULL,
    name character varying(255) NOT NULL,
    applied timestamp with time zone NOT NULL
);


ALTER TABLE public.django_migrations OWNER TO postgres;

--
-- Name: django_migrations_id_seq; Type: SEQUENCE; Schema: public; Owner: postgres
--

ALTER TABLE public.django_migrations ALTER COLUMN id ADD GENERATED BY DEFAULT AS IDENTITY (
    SEQUENCE NAME public.django_migrations_id_seq
    START WITH 1
    INCREMENT BY 1
    NO MINVALUE
    NO MAXVALUE
    CACHE 1
);


--
-- Name: django_session; Type: TABLE; Schema: public; Owner: postgres
--

CREATE TABLE public.django_session (
    session_key character varying(40) NOT NULL,
    session_data text NOT NULL,
    expire_date timestamp with time zone NOT NULL
);


ALTER TABLE public.django_session OWNER TO postgres;

--
-- Name: email_confirmation_tokens; Type: TABLE; Schema: public; Owner: postgres
--

CREATE TABLE public.email_confirmation_tokens (
    id bigint NOT NULL,
    token uuid NOT NULL,
    is_used boolean NOT NULL,
    created_at timestamp with time zone NOT NULL,
    expires_at timestamp with time zone NOT NULL,
    user_id bigint NOT NULL
);


ALTER TABLE public.email_confirmation_tokens OWNER TO postgres;

--
-- Name: email_confirmation_tokens_id_seq; Type: SEQUENCE; Schema: public; Owner: postgres
--

ALTER TABLE public.email_confirmation_tokens ALTER COLUMN id ADD GENERATED BY DEFAULT AS IDENTITY (
    SEQUENCE NAME public.email_confirmation_tokens_id_seq
    START WITH 1
    INCREMENT BY 1
    NO MINVALUE
    NO MAXVALUE
    CACHE 1
);


--
-- Name: notifications; Type: TABLE; Schema: public; Owner: postgres
--

CREATE TABLE public.notifications (
    id bigint NOT NULL,
    type character varying(30) NOT NULL,
    title character varying(255) NOT NULL,
    message text NOT NULL,
    is_read boolean NOT NULL,
    created_at timestamp with time zone NOT NULL,
    user_id bigint NOT NULL
);


ALTER TABLE public.notifications OWNER TO postgres;

--
-- Name: notifications_id_seq; Type: SEQUENCE; Schema: public; Owner: postgres
--

ALTER TABLE public.notifications ALTER COLUMN id ADD GENERATED BY DEFAULT AS IDENTITY (
    SEQUENCE NAME public.notifications_id_seq
    START WITH 1
    INCREMENT BY 1
    NO MINVALUE
    NO MAXVALUE
    CACHE 1
);


--
-- Name: psychologist_profiles; Type: TABLE; Schema: public; Owner: postgres
--

CREATE TABLE public.psychologist_profiles (
    id bigint NOT NULL,
    first_name character varying(100) NOT NULL,
    last_name character varying(100) NOT NULL,
    patronymic character varying(100),
    phone character varying(20),
    photo character varying(100),
    experience_years integer,
    education text,
    bio text,
    price numeric(10,2),
    diploma_scan character varying(100) NOT NULL,
    is_verified boolean NOT NULL,
    verified_at timestamp with time zone,
    is_profile_complete boolean NOT NULL,
    user_id bigint NOT NULL
);


ALTER TABLE public.psychologist_profiles OWNER TO postgres;

--
-- Name: psychologist_profiles_id_seq; Type: SEQUENCE; Schema: public; Owner: postgres
--

ALTER TABLE public.psychologist_profiles ALTER COLUMN id ADD GENERATED BY DEFAULT AS IDENTITY (
    SEQUENCE NAME public.psychologist_profiles_id_seq
    START WITH 1
    INCREMENT BY 1
    NO MINVALUE
    NO MAXVALUE
    CACHE 1
);


--
-- Name: psychologist_specializations; Type: TABLE; Schema: public; Owner: postgres
--

CREATE TABLE public.psychologist_specializations (
    id bigint NOT NULL,
    is_primary boolean NOT NULL,
    psychologist_id bigint NOT NULL,
    specialization_id bigint NOT NULL
);


ALTER TABLE public.psychologist_specializations OWNER TO postgres;

--
-- Name: psychologist_specializations_id_seq; Type: SEQUENCE; Schema: public; Owner: postgres
--

ALTER TABLE public.psychologist_specializations ALTER COLUMN id ADD GENERATED BY DEFAULT AS IDENTITY (
    SEQUENCE NAME public.psychologist_specializations_id_seq
    START WITH 1
    INCREMENT BY 1
    NO MINVALUE
    NO MAXVALUE
    CACHE 1
);


--
-- Name: reviews; Type: TABLE; Schema: public; Owner: postgres
--

CREATE TABLE public.reviews (
    id bigint NOT NULL,
    rating integer NOT NULL,
    text text NOT NULL,
    created_at timestamp with time zone NOT NULL,
    appointment_id bigint NOT NULL
);


ALTER TABLE public.reviews OWNER TO postgres;

--
-- Name: reviews_id_seq; Type: SEQUENCE; Schema: public; Owner: postgres
--

ALTER TABLE public.reviews ALTER COLUMN id ADD GENERATED BY DEFAULT AS IDENTITY (
    SEQUENCE NAME public.reviews_id_seq
    START WITH 1
    INCREMENT BY 1
    NO MINVALUE
    NO MAXVALUE
    CACHE 1
);


--
-- Name: specializations; Type: TABLE; Schema: public; Owner: postgres
--

CREATE TABLE public.specializations (
    id bigint NOT NULL,
    name character varying(200) NOT NULL,
    slug character varying(200) NOT NULL,
    description text NOT NULL,
    icon character varying(100)
);


ALTER TABLE public.specializations OWNER TO postgres;

--
-- Name: specializations_id_seq; Type: SEQUENCE; Schema: public; Owner: postgres
--

ALTER TABLE public.specializations ALTER COLUMN id ADD GENERATED BY DEFAULT AS IDENTITY (
    SEQUENCE NAME public.specializations_id_seq
    START WITH 1
    INCREMENT BY 1
    NO MINVALUE
    NO MAXVALUE
    CACHE 1
);


--
-- Name: time_slots; Type: TABLE; Schema: public; Owner: postgres
--

CREATE TABLE public.time_slots (
    id bigint NOT NULL,
    date date NOT NULL,
    start_time time without time zone NOT NULL,
    end_time time without time zone NOT NULL,
    is_available boolean NOT NULL,
    psychologist_id bigint NOT NULL
);


ALTER TABLE public.time_slots OWNER TO postgres;

--
-- Name: time_slots_id_seq; Type: SEQUENCE; Schema: public; Owner: postgres
--

ALTER TABLE public.time_slots ALTER COLUMN id ADD GENERATED BY DEFAULT AS IDENTITY (
    SEQUENCE NAME public.time_slots_id_seq
    START WITH 1
    INCREMENT BY 1
    NO MINVALUE
    NO MAXVALUE
    CACHE 1
);


--
-- Name: users; Type: TABLE; Schema: public; Owner: postgres
--

CREATE TABLE public.users (
    id bigint NOT NULL,
    password character varying(128) NOT NULL,
    last_login timestamp with time zone,
    is_superuser boolean NOT NULL,
    email character varying(254) NOT NULL,
    role character varying(15) NOT NULL,
    is_active boolean NOT NULL,
    is_staff boolean NOT NULL,
    date_joined timestamp with time zone NOT NULL
);


ALTER TABLE public.users OWNER TO postgres;

--
-- Name: users_groups; Type: TABLE; Schema: public; Owner: postgres
--

CREATE TABLE public.users_groups (
    id bigint NOT NULL,
    user_id bigint NOT NULL,
    group_id integer NOT NULL
);


ALTER TABLE public.users_groups OWNER TO postgres;

--
-- Name: users_groups_id_seq; Type: SEQUENCE; Schema: public; Owner: postgres
--

ALTER TABLE public.users_groups ALTER COLUMN id ADD GENERATED BY DEFAULT AS IDENTITY (
    SEQUENCE NAME public.users_groups_id_seq
    START WITH 1
    INCREMENT BY 1
    NO MINVALUE
    NO MAXVALUE
    CACHE 1
);


--
-- Name: users_id_seq; Type: SEQUENCE; Schema: public; Owner: postgres
--

ALTER TABLE public.users ALTER COLUMN id ADD GENERATED BY DEFAULT AS IDENTITY (
    SEQUENCE NAME public.users_id_seq
    START WITH 1
    INCREMENT BY 1
    NO MINVALUE
    NO MAXVALUE
    CACHE 1
);


--
-- Name: users_user_permissions; Type: TABLE; Schema: public; Owner: postgres
--

CREATE TABLE public.users_user_permissions (
    id bigint NOT NULL,
    user_id bigint NOT NULL,
    permission_id integer NOT NULL
);


ALTER TABLE public.users_user_permissions OWNER TO postgres;

--
-- Name: users_user_permissions_id_seq; Type: SEQUENCE; Schema: public; Owner: postgres
--

ALTER TABLE public.users_user_permissions ALTER COLUMN id ADD GENERATED BY DEFAULT AS IDENTITY (
    SEQUENCE NAME public.users_user_permissions_id_seq
    START WITH 1
    INCREMENT BY 1
    NO MINVALUE
    NO MAXVALUE
    CACHE 1
);


--
-- Data for Name: appointments; Type: TABLE DATA; Schema: public; Owner: postgres
--

COPY public.appointments (id, status, comment, created_at, updated_at, client_id, psychologist_id, time_slot_id) FROM stdin;
1	completed	Need support with exam stress.	2026-04-16 19:31:06.866906+07	2026-04-16 19:52:56.371981+07	1	1	1
2	completed	Want to discuss anxiety and sleep.	2026-04-16 19:31:06.875922+07	2026-04-16 19:52:56.376658+07	2	2	2
3	completed	Looking for help with adaptation to studies.	2026-04-16 19:31:06.88198+07	2026-04-16 19:52:56.381255+07	3	3	3
4	completed	Need support after a breakup.	2026-04-16 19:31:06.887483+07	2026-04-16 19:52:56.384183+07	4	4	4
5	completed	Burnout and loss of motivation.	2026-04-16 19:31:06.892534+07	2026-04-16 19:52:56.387777+07	5	5	5
6	completed	Hard to manage emotions lately.	2026-04-16 19:31:06.897918+07	2026-04-16 19:52:56.392606+07	6	6	6
7	completed	Want to work on self-esteem.	2026-04-16 19:31:06.901992+07	2026-04-16 19:52:56.396922+07	7	7	7
8	completed	Need help with family pressure.	2026-04-16 19:31:06.906666+07	2026-04-16 19:52:56.400101+07	8	8	8
9	completed	Difficulties with concentration.	2026-04-16 19:31:06.910268+07	2026-04-16 19:52:56.403376+07	9	9	9
10	completed	Relationship conflict and boundaries.	2026-04-16 19:31:06.915652+07	2026-04-16 19:52:56.406815+07	10	10	10
11	completed	Feeling lonely and anxious.	2026-04-16 19:31:06.924114+07	2026-04-16 19:52:56.41007+07	11	11	11
12	completed	Need support after relocation.	2026-04-16 19:31:06.930941+07	2026-04-16 19:52:56.414645+07	12	12	12
13	completed	Trouble balancing study and work.	2026-04-16 19:31:06.936577+07	2026-04-16 19:52:56.418262+07	13	13	13
14	completed	Want to reduce panic symptoms.	2026-04-16 19:31:06.941438+07	2026-04-16 19:52:56.423567+07	14	14	14
15	completed	Need guidance during a crisis period.	2026-04-16 19:31:06.947055+07	2026-04-16 19:52:56.426839+07	15	15	15
\.


--
-- Data for Name: auth_group; Type: TABLE DATA; Schema: public; Owner: postgres
--

COPY public.auth_group (id, name) FROM stdin;
\.


--
-- Data for Name: auth_group_permissions; Type: TABLE DATA; Schema: public; Owner: postgres
--

COPY public.auth_group_permissions (id, group_id, permission_id) FROM stdin;
\.


--
-- Data for Name: auth_permission; Type: TABLE DATA; Schema: public; Owner: postgres
--

COPY public.auth_permission (id, name, content_type_id, codename) FROM stdin;
1	Can add log entry	1	add_logentry
2	Can change log entry	1	change_logentry
3	Can delete log entry	1	delete_logentry
4	Can view log entry	1	view_logentry
5	Can add permission	3	add_permission
6	Can change permission	3	change_permission
7	Can delete permission	3	delete_permission
8	Can view permission	3	view_permission
9	Can add group	2	add_group
10	Can change group	2	change_group
11	Can delete group	2	delete_group
12	Can view group	2	view_group
13	Can add content type	4	add_contenttype
14	Can change content type	4	change_contenttype
15	Can delete content type	4	delete_contenttype
16	Can view content type	4	view_contenttype
17	Can add session	5	add_session
18	Can change session	5	change_session
19	Can delete session	5	delete_session
20	Can view session	5	view_session
21	Can add user	7	add_user
22	Can change user	7	change_user
23	Can delete user	7	delete_user
24	Can view user	7	view_user
25	Can add email confirmation token	6	add_emailconfirmationtoken
26	Can change email confirmation token	6	change_emailconfirmationtoken
27	Can delete email confirmation token	6	delete_emailconfirmationtoken
28	Can view email confirmation token	6	view_emailconfirmationtoken
29	Can add client profile	8	add_clientprofile
30	Can change client profile	8	change_clientprofile
31	Can delete client profile	8	delete_clientprofile
32	Can view client profile	8	view_clientprofile
33	Can add psychologist profile	9	add_psychologistprofile
34	Can change psychologist profile	9	change_psychologistprofile
35	Can delete psychologist profile	9	delete_psychologistprofile
36	Can view psychologist profile	9	view_psychologistprofile
37	Can add specialization	11	add_specialization
38	Can change specialization	11	change_specialization
39	Can delete specialization	11	delete_specialization
40	Can view specialization	11	view_specialization
41	Can add psychologist specialization	10	add_psychologistspecialization
42	Can change psychologist specialization	10	change_psychologistspecialization
43	Can delete psychologist specialization	10	delete_psychologistspecialization
44	Can view psychologist specialization	10	view_psychologistspecialization
45	Can add time slot	12	add_timeslot
46	Can change time slot	12	change_timeslot
47	Can delete time slot	12	delete_timeslot
48	Can view time slot	12	view_timeslot
49	Can add appointment	13	add_appointment
50	Can change appointment	13	change_appointment
51	Can delete appointment	13	delete_appointment
52	Can view appointment	13	view_appointment
53	Can add review	14	add_review
54	Can change review	14	change_review
55	Can delete review	14	delete_review
56	Can view review	14	view_review
57	Can add notification	15	add_notification
58	Can change notification	15	change_notification
59	Can delete notification	15	delete_notification
60	Can view notification	15	view_notification
\.


--
-- Data for Name: client_profiles; Type: TABLE DATA; Schema: public; Owner: postgres
--

COPY public.client_profiles (id, first_name, last_name, phone, date_of_birth, avatar, is_profile_complete, user_id) FROM stdin;
16			\N	\N		f	32
1	Anna	Petrova	+79002000001	2004-01-10		t	17
2	Dmitry	Sokolov	+79002000002	2003-02-11		t	18
3	Elena	Kuzmina	+79002000003	2004-03-12		t	19
4	Igor	Popov	+79002000004	2005-04-13		t	20
5	Maria	Volkova	+79002000005	2003-05-14		t	21
6	Sergey	Lebedev	+79002000006	2004-06-15		t	22
7	Olga	Smolina	+79002000007	2002-07-16		t	23
8	Alexey	Gromov	+79002000008	2003-08-17		t	24
9	Natalia	Mironova	+79002000009	2004-09-18		t	25
10	Pavel	Denisov	+79002000010	2005-10-19		t	26
11	Irina	Belova	+79002000011	2003-11-20		t	27
12	Roman	Kiselev	+79002000012	2004-12-21		t	28
13	Yana	Zaitseva	+79002000013	2002-01-22		t	29
14	Kirill	Sorokin	+79002000014	2005-02-23		t	30
15	Vera	Tarasova	+79002000015	2003-03-24		t	31
\.


--
-- Data for Name: django_admin_log; Type: TABLE DATA; Schema: public; Owner: postgres
--

COPY public.django_admin_log (id, action_time, object_id, object_repr, action_flag, change_message, content_type_id, user_id) FROM stdin;
\.


--
-- Data for Name: django_content_type; Type: TABLE DATA; Schema: public; Owner: postgres
--

COPY public.django_content_type (id, app_label, model) FROM stdin;
1	admin	logentry
2	auth	group
3	auth	permission
4	contenttypes	contenttype
5	sessions	session
6	users	emailconfirmationtoken
7	users	user
8	clients	clientprofile
9	psychologists	psychologistprofile
10	specializations	psychologistspecialization
11	specializations	specialization
12	schedule	timeslot
13	appointments	appointment
14	reviews	review
15	notifications	notification
\.


--
-- Data for Name: django_migrations; Type: TABLE DATA; Schema: public; Owner: postgres
--

COPY public.django_migrations (id, app, name, applied) FROM stdin;
1	contenttypes	0001_initial	2026-04-16 19:24:37.483469+07
2	contenttypes	0002_remove_content_type_name	2026-04-16 19:24:37.489996+07
3	auth	0001_initial	2026-04-16 19:24:37.545629+07
4	auth	0002_alter_permission_name_max_length	2026-04-16 19:24:37.551091+07
5	auth	0003_alter_user_email_max_length	2026-04-16 19:24:37.555075+07
6	auth	0004_alter_user_username_opts	2026-04-16 19:24:37.559863+07
7	auth	0005_alter_user_last_login_null	2026-04-16 19:24:37.564376+07
8	auth	0006_require_contenttypes_0002	2026-04-16 19:24:37.566056+07
9	auth	0007_alter_validators_add_error_messages	2026-04-16 19:24:37.56947+07
10	auth	0008_alter_user_username_max_length	2026-04-16 19:24:37.573846+07
11	auth	0009_alter_user_last_name_max_length	2026-04-16 19:24:37.577962+07
12	auth	0010_alter_group_name_max_length	2026-04-16 19:24:37.585276+07
13	auth	0011_update_proxy_permissions	2026-04-16 19:24:37.589714+07
14	auth	0012_alter_user_first_name_max_length	2026-04-16 19:24:37.594933+07
15	users	0001_initial	2026-04-16 19:24:37.673087+07
16	admin	0001_initial	2026-04-16 19:24:37.692279+07
17	admin	0002_logentry_remove_auto_add	2026-04-16 19:24:37.697627+07
18	admin	0003_logentry_add_action_flag_choices	2026-04-16 19:24:37.702914+07
19	psychologists	0001_initial	2026-04-16 19:24:37.710205+07
20	schedule	0001_initial	2026-04-16 19:24:37.723311+07
21	clients	0001_initial	2026-04-16 19:24:37.73004+07
22	appointments	0001_initial	2026-04-16 19:24:37.742778+07
23	appointments	0002_initial	2026-04-16 19:24:37.749849+07
24	appointments	0003_initial	2026-04-16 19:24:37.761631+07
25	clients	0002_initial	2026-04-16 19:24:37.771435+07
26	notifications	0001_initial	2026-04-16 19:24:37.778757+07
27	notifications	0002_initial	2026-04-16 19:24:37.790059+07
28	specializations	0001_initial	2026-04-16 19:24:37.819694+07
29	psychologists	0002_initial	2026-04-16 19:24:37.828312+07
30	psychologists	0003_initial	2026-04-16 19:24:37.840966+07
31	reviews	0001_initial	2026-04-16 19:24:37.85712+07
32	sessions	0001_initial	2026-04-16 19:24:37.867199+07
\.


--
-- Data for Name: django_session; Type: TABLE DATA; Schema: public; Owner: postgres
--

COPY public.django_session (session_key, session_data, expire_date) FROM stdin;
\.


--
-- Data for Name: email_confirmation_tokens; Type: TABLE DATA; Schema: public; Owner: postgres
--

COPY public.email_confirmation_tokens (id, token, is_used, created_at, expires_at, user_id) FROM stdin;
1	fc530e28-5f96-442c-a3ac-8ac03aad3b18	t	2026-04-16 19:30:52.742389+07	2026-05-16 19:30:52.739297+07	1
2	f81d9160-a37a-4b96-9f09-2bfd2f7564fd	t	2026-04-16 19:30:53.283869+07	2026-05-16 19:30:53.282902+07	2
3	dfd8e7dd-b19f-4b57-9861-2706a6b71df5	t	2026-04-16 19:30:53.78536+07	2026-05-16 19:30:53.784062+07	3
4	803cfc73-5a57-44b6-94a7-36cff643dd21	t	2026-04-16 19:30:54.365956+07	2026-05-16 19:30:54.365318+07	4
5	152152f2-5916-4f2d-ba3c-2756aea710b5	t	2026-04-16 19:30:54.881997+07	2026-05-16 19:30:54.881091+07	5
6	2f03dbf0-4e3b-4d65-ab35-98d790ed1f88	t	2026-04-16 19:30:55.367505+07	2026-05-16 19:30:55.366731+07	6
7	2aac1c82-8f15-4439-abf5-dbc941ce97db	t	2026-04-16 19:30:55.838405+07	2026-05-16 19:30:55.837172+07	7
8	8ed07d82-65ae-4322-8253-fd70290ff522	t	2026-04-16 19:30:56.270289+07	2026-05-16 19:30:56.269108+07	8
9	073dccd4-b139-4314-bda4-895c9446e651	t	2026-04-16 19:30:56.722399+07	2026-05-16 19:30:56.721406+07	9
10	0c37e2b9-3c4e-4bd3-9e1e-2c9ca4f888c3	t	2026-04-16 19:30:57.175933+07	2026-05-16 19:30:57.175109+07	10
11	7786c7d5-9f38-4a9e-9130-567dbab4d804	t	2026-04-16 19:30:57.650322+07	2026-05-16 19:30:57.649464+07	11
12	8c3fb8af-3b27-4706-b791-107d46efb2f0	t	2026-04-16 19:30:58.131128+07	2026-05-16 19:30:58.130136+07	12
13	c6f740e2-9f19-4e4b-bcc1-939f6feadc42	t	2026-04-16 19:30:58.589906+07	2026-05-16 19:30:58.589001+07	13
14	90c736f5-af91-4504-b36f-0328e05571d4	t	2026-04-16 19:30:59.060823+07	2026-05-16 19:30:59.05972+07	14
15	b60464a9-c38a-48ba-9dd8-233cd91584fc	t	2026-04-16 19:30:59.518362+07	2026-05-16 19:30:59.517526+07	15
16	ae2e05ff-8a4b-486f-ac92-752b678b6a10	t	2026-04-16 19:30:59.985531+07	2026-05-16 19:30:59.984337+07	16
17	b4c3653c-a004-43d0-bc53-d670a4362eb5	t	2026-04-16 19:31:00.429118+07	2026-05-16 19:31:00.427493+07	17
18	4edf4e29-86ea-4a48-955b-8020d83f761c	t	2026-04-16 19:31:00.873366+07	2026-05-16 19:31:00.872506+07	18
19	498cb476-d906-42e3-83ef-7a90d019b40c	t	2026-04-16 19:31:01.338046+07	2026-05-16 19:31:01.337091+07	19
20	31e50c1a-078c-4b42-b5ba-a13ffe9716c3	t	2026-04-16 19:31:01.789986+07	2026-05-16 19:31:01.788903+07	20
21	a174fe11-ebe3-4ae8-b1ed-7824f59f7e08	t	2026-04-16 19:31:02.241634+07	2026-05-16 19:31:02.240793+07	21
22	69c14f3a-2468-4c47-9e09-d503e7881930	t	2026-04-16 19:31:02.685405+07	2026-05-16 19:31:02.68452+07	22
23	72211953-4ea5-480e-9def-1789281158a8	t	2026-04-16 19:31:03.156382+07	2026-05-16 19:31:03.15533+07	23
24	d7c99be0-30ab-469a-9be7-ef70b4f8696b	t	2026-04-16 19:31:03.616408+07	2026-05-16 19:31:03.615617+07	24
25	7346fc77-095d-4522-ba9c-24e4232c55fd	t	2026-04-16 19:31:04.084001+07	2026-05-16 19:31:04.082974+07	25
26	5feaa487-a4fe-476e-855d-38622ca9d5ff	t	2026-04-16 19:31:04.549684+07	2026-05-16 19:31:04.548898+07	26
27	b8b6160f-17ac-41ca-a3a6-ccda6b5376db	t	2026-04-16 19:31:05.026076+07	2026-05-16 19:31:05.025135+07	27
28	a7b79725-4cda-4e49-ba81-fc738d825004	t	2026-04-16 19:31:05.463798+07	2026-05-16 19:31:05.462414+07	28
29	85acdbba-6ce2-4f70-aaa2-a5f40434d59c	t	2026-04-16 19:31:05.917254+07	2026-05-16 19:31:05.916426+07	29
30	836e8c0d-2dc8-4db8-a2b5-cb9bc4def236	t	2026-04-16 19:31:06.381871+07	2026-05-16 19:31:06.380986+07	30
31	a794b63c-a5ac-43d0-9333-e431b4d3ec28	t	2026-04-16 19:31:06.843503+07	2026-05-16 19:31:06.842386+07	31
32	14c1f271-c062-4a26-ae9d-030b99fa310d	f	2026-04-16 19:37:32.274877+07	2026-04-17 19:37:32.274681+07	32
\.


--
-- Data for Name: notifications; Type: TABLE DATA; Schema: public; Owner: postgres
--

COPY public.notifications (id, type, title, message, is_read, created_at, user_id) FROM stdin;
1	system	Demo notification 1	Demo message 1 for admin@young-psy.ru.	f	2026-04-16 19:31:07.065759+07	1
2	review_request	Demo notification 2	Demo message 2 for a.ivanova@young-psy.ru.	f	2026-04-16 19:31:07.068778+07	2
3	appointment_completed	Demo notification 3	Demo message 3 for m.smirnov@young-psy.ru.	f	2026-04-16 19:31:07.072168+07	3
4	verification_approved	Demo notification 4	Demo message 4 for e.kozlova@young-psy.ru.	f	2026-04-16 19:31:07.074817+07	4
5	appointment_confirmed	Demo notification 5	Demo message 5 for d.novikov@young-psy.ru.	f	2026-04-16 19:31:07.077294+07	5
6	system	Demo notification 6	Demo message 6 for v.fedorova@young-psy.ru.	f	2026-04-16 19:31:07.07992+07	6
7	review_request	Demo notification 7	Demo message 7 for i.morozov@young-psy.ru.	f	2026-04-16 19:31:07.082394+07	7
8	appointment_completed	Demo notification 8	Demo message 8 for k.volkova@young-psy.ru.	f	2026-04-16 19:31:07.084431+07	8
9	verification_approved	Demo notification 9	Demo message 9 for r.lebedev@young-psy.ru.	f	2026-04-16 19:31:07.087276+07	9
10	appointment_confirmed	Demo notification 10	Demo message 10 for o.orlova@young-psy.ru.	f	2026-04-16 19:31:07.089976+07	10
11	system	Demo notification 11	Demo message 11 for p.kovalev@young-psy.ru.	f	2026-04-16 19:31:07.091426+07	11
12	review_request	Demo notification 12	Demo message 12 for n.nikolaeva@young-psy.ru.	f	2026-04-16 19:31:07.092998+07	12
13	appointment_completed	Demo notification 13	Demo message 13 for a.andreev@young-psy.ru.	f	2026-04-16 19:31:07.095888+07	13
14	verification_approved	Demo notification 14	Demo message 14 for y.sidorova@young-psy.ru.	f	2026-04-16 19:31:07.097853+07	14
15	appointment_confirmed	Demo notification 15	Demo message 15 for m.egorov@young-psy.ru.	f	2026-04-16 19:31:07.09945+07	15
\.


--
-- Data for Name: psychologist_profiles; Type: TABLE DATA; Schema: public; Owner: postgres
--

COPY public.psychologist_profiles (id, first_name, last_name, patronymic, phone, photo, experience_years, education, bio, price, diploma_scan, is_verified, verified_at, is_profile_complete, user_id) FROM stdin;
7	Ksenia	Volkova	Romanovna	+79001000007		3	Institute of Practical Psychology, 2023	Uses a supportive, structured approach for student clients.	2500.00		t	2026-04-16 19:52:45.567899+07	t	8
8	Roman	Lebedev	Dmitrievich	+79001000008		5	Institute of Clinical Psychology, 2021	Works with anxiety, panic symptoms, and burnout.	2850.00		t	2026-04-16 19:52:46.028942+07	t	9
9	Olga	Orlova	Nikolaevna	+79001000009		2	Institute of Practical Psychology, 2024	Supports students around exams and adaptation to change.	2350.00		t	2026-04-16 19:52:46.583703+07	t	10
10	Pavel	Kovalev	Sergeevich	+79001000010		4	Institute of Practical Psychology, 2022	Focuses on relationships and emotional regulation.	2700.00		t	2026-04-16 19:52:47.043765+07	t	11
11	Natalia	Nikolaeva	Alekseevna	+79001000011		3	Institute of Practical Psychology, 2023	Works with grief, loss, and inner stability.	2500.00		t	2026-04-16 19:52:47.5003+07	t	12
12	Artem	Andreev	Igorevich	+79001000012		4	Institute of Social Psychology, 2022	Supports clients with communication and confidence issues.	2600.00		t	2026-04-16 19:52:47.965664+07	t	13
13	Yulia	Sidorova	Olegovna	+79001000013		2	Institute of Practical Psychology, 2024	Uses a warm approach for personal growth and reflection.	2300.00		t	2026-04-16 19:52:48.439991+07	t	14
14	Mikhail	Egorov	Petrovich	+79001000014		5	Institute of Clinical Psychology, 2021	Works with stress recovery and crisis adaptation.	2800.00		t	2026-04-16 19:52:48.911537+07	t	15
15	Sofia	Makarova	Romanovna	+79001000015		3	Institute of Practical Psychology, 2023	Helps with boundaries, relationships, and self-support.	2550.00		t	2026-04-16 19:52:49.38391+07	t	16
1	Alina	Ivanova	Sergeevna	+79001000001		3	Institute of Practical Psychology, 2023	Works with anxiety, adaptation, and self-esteem questions.	2500.00		t	2026-04-16 19:52:42.74158+07	t	2
2	Maksim	Smirnov	Andreevich	+79001000002		4	Institute of Practical Psychology, 2022	Focuses on burnout, motivation, and student stress.	2600.00		t	2026-04-16 19:52:43.219819+07	t	3
3	Elena	Kozlova	Igorevna	+79001000003		2	Institute of Practical Psychology, 2024	Supports young adults in relationships and personal growth.	2400.00		t	2026-04-16 19:52:43.69571+07	t	4
4	Daniil	Novikov	Olegovich	+79001000004		5	Institute of Clinical Psychology, 2021	Works with trauma, crisis situations, and adaptation.	2800.00		t	2026-04-16 19:52:44.15544+07	t	5
5	Vera	Fedorova	Petrovna	+79001000005		3	Institute of Practical Psychology, 2023	Helps with self-esteem and difficult life periods.	2550.00		t	2026-04-16 19:52:44.614163+07	t	6
6	Ilya	Morozov	Vladimirovich	+79001000006		4	Institute of Social Psychology, 2022	Specializes in communication, boundaries, and conflict work.	2650.00		t	2026-04-16 19:52:45.081478+07	t	7
\.


--
-- Data for Name: psychologist_specializations; Type: TABLE DATA; Schema: public; Owner: postgres
--

COPY public.psychologist_specializations (id, is_primary, psychologist_id, specialization_id) FROM stdin;
1	t	1	1
2	f	1	6
3	t	2	2
4	f	2	7
5	t	3	3
6	f	3	8
7	t	4	4
8	f	4	9
9	t	5	5
10	f	5	10
11	t	6	6
12	f	6	11
13	t	7	7
14	f	7	12
15	t	8	8
16	f	8	13
17	t	9	9
18	f	9	14
19	t	10	10
20	f	10	15
21	t	11	11
22	f	11	1
23	t	12	12
24	f	12	2
25	t	13	13
26	f	13	3
27	t	14	14
28	f	14	4
29	t	15	15
30	f	15	5
\.


--
-- Data for Name: reviews; Type: TABLE DATA; Schema: public; Owner: postgres
--

COPY public.reviews (id, rating, text, created_at, appointment_id) FROM stdin;
1	4	The session was calm and helpful.	2026-04-16 19:31:06.949327+07	1
2	5	I felt heard and understood.	2026-04-16 19:31:06.952802+07	2
3	5	The specialist explained things clearly.	2026-04-16 19:31:06.954834+07	3
4	4	It became easier after the first meeting.	2026-04-16 19:31:06.957362+07	4
5	5	Very supportive and professional.	2026-04-16 19:31:06.959644+07	5
6	5	Helpful conversation with practical steps.	2026-04-16 19:31:06.962174+07	6
7	4	Warm approach and good structure.	2026-04-16 19:31:06.963923+07	7
8	5	I would continue working with this psychologist.	2026-04-16 19:31:06.966117+07	8
9	5	The consultation helped me look at the problem differently.	2026-04-16 19:31:06.967982+07	9
10	4	Good specialist for student-related stress.	2026-04-16 19:31:06.970074+07	10
11	5	I liked the respectful and careful tone.	2026-04-16 19:31:06.971524+07	11
12	5	The meeting gave me more confidence.	2026-04-16 19:31:06.972634+07	12
13	4	Useful support in a difficult moment.	2026-04-16 19:31:06.973831+07	13
14	5	Clear, calm, and very attentive work.	2026-04-16 19:31:06.975539+07	14
15	5	The consultation met my expectations.	2026-04-16 19:31:06.977516+07	15
\.


--
-- Data for Name: specializations; Type: TABLE DATA; Schema: public; Owner: postgres
--

COPY public.specializations (id, name, slug, description, icon) FROM stdin;
1	Individual Consulting	individual-consulting	Individual Consulting support direction for the center.	brain
2	Anxiety Support	anxiety-support	Anxiety Support support direction for the center.	brain
3	Stress Management	stress-management	Stress Management support direction for the center.	brain
4	Family Therapy	family-therapy	Family Therapy support direction for the center.	brain
5	Student Adaptation	student-adaptation	Student Adaptation support direction for the center.	brain
6	Self-Esteem	self-esteem	Self-Esteem support direction for the center.	brain
7	Career Guidance	career-guidance	Career Guidance support direction for the center.	brain
8	Burnout Recovery	burnout-recovery	Burnout Recovery support direction for the center.	brain
9	Relationship Issues	relationship-issues	Relationship Issues support direction for the center.	brain
10	Crisis Support	crisis-support	Crisis Support support direction for the center.	brain
11	Grief Support	grief-support	Grief Support support direction for the center.	brain
12	Teen Support	teen-support	Teen Support support direction for the center.	brain
13	CBT	cbt	CBT support direction for the center.	brain
14	Art Therapy	art-therapy	Art Therapy support direction for the center.	brain
15	Trauma Support	trauma-support	Trauma Support support direction for the center.	brain
\.


--
-- Data for Name: time_slots; Type: TABLE DATA; Schema: public; Owner: postgres
--

COPY public.time_slots (id, date, start_time, end_time, is_available, psychologist_id) FROM stdin;
9	2026-04-09	11:00:00	12:00:00	f	9
37	2026-04-25	10:00:00	11:00:00	t	8
10	2026-04-10	11:00:00	12:00:00	f	10
38	2026-04-26	12:00:00	13:00:00	t	8
39	2026-04-27	14:00:00	15:00:00	t	8
11	2026-04-11	11:00:00	12:00:00	f	11
40	2026-04-26	10:00:00	11:00:00	t	9
12	2026-04-12	11:00:00	12:00:00	f	12
41	2026-04-27	12:00:00	13:00:00	t	9
13	2026-04-13	11:00:00	12:00:00	f	13
42	2026-04-28	14:00:00	15:00:00	t	9
43	2026-04-27	10:00:00	11:00:00	t	10
14	2026-04-14	11:00:00	12:00:00	f	14
44	2026-04-28	12:00:00	13:00:00	t	10
45	2026-04-29	14:00:00	15:00:00	t	10
46	2026-04-28	10:00:00	11:00:00	t	11
47	2026-04-29	12:00:00	13:00:00	t	11
15	2026-04-15	11:00:00	12:00:00	f	15
48	2026-04-30	14:00:00	15:00:00	t	11
16	2026-04-18	10:00:00	11:00:00	t	1
49	2026-04-29	10:00:00	11:00:00	t	12
17	2026-04-19	12:00:00	13:00:00	t	1
50	2026-04-30	12:00:00	13:00:00	t	12
18	2026-04-20	14:00:00	15:00:00	t	1
1	2026-04-01	11:00:00	12:00:00	f	1
51	2026-05-01	14:00:00	15:00:00	t	12
19	2026-04-19	10:00:00	11:00:00	t	2
52	2026-04-30	10:00:00	11:00:00	t	13
53	2026-05-01	12:00:00	13:00:00	t	13
20	2026-04-20	12:00:00	13:00:00	t	2
21	2026-04-21	14:00:00	15:00:00	t	2
54	2026-05-02	14:00:00	15:00:00	t	13
55	2026-05-01	10:00:00	11:00:00	t	14
22	2026-04-20	10:00:00	11:00:00	t	3
56	2026-05-02	12:00:00	13:00:00	t	14
57	2026-05-03	14:00:00	15:00:00	t	14
58	2026-05-02	10:00:00	11:00:00	t	15
59	2026-05-03	12:00:00	13:00:00	t	15
60	2026-05-04	14:00:00	15:00:00	t	15
2	2026-04-02	11:00:00	12:00:00	f	2
23	2026-04-21	12:00:00	13:00:00	t	3
3	2026-04-03	11:00:00	12:00:00	f	3
24	2026-04-22	14:00:00	15:00:00	t	3
4	2026-04-04	11:00:00	12:00:00	f	4
25	2026-04-21	10:00:00	11:00:00	t	4
5	2026-04-05	11:00:00	12:00:00	f	5
26	2026-04-22	12:00:00	13:00:00	t	4
6	2026-04-06	11:00:00	12:00:00	f	6
27	2026-04-23	14:00:00	15:00:00	t	4
7	2026-04-07	11:00:00	12:00:00	f	7
28	2026-04-22	10:00:00	11:00:00	t	5
8	2026-04-08	11:00:00	12:00:00	f	8
29	2026-04-23	12:00:00	13:00:00	t	5
30	2026-04-24	14:00:00	15:00:00	t	5
31	2026-04-23	10:00:00	11:00:00	t	6
32	2026-04-24	12:00:00	13:00:00	t	6
33	2026-04-25	14:00:00	15:00:00	t	6
34	2026-04-24	10:00:00	11:00:00	t	7
35	2026-04-25	12:00:00	13:00:00	t	7
36	2026-04-26	14:00:00	15:00:00	t	7
\.


--
-- Data for Name: users; Type: TABLE DATA; Schema: public; Owner: postgres
--

COPY public.users (id, password, last_login, is_superuser, email, role, is_active, is_staff, date_joined) FROM stdin;
1	pbkdf2_sha256$1200000$d3rsEFeucD33j9rVNKYDhT$zyz4U+SAJqhozmO8UIpjgqMDb+AzyXzFZiltZyZtU5M=	\N	t	admin@young-psy.ru	admin	t	t	2026-04-16 19:30:52.147827+07
2	pbkdf2_sha256$1200000$aWZs3Q3PGTNfMgBxkRfqK5$XCcvLcWCQ2f/+1ehGl+ktX3OMm4JGIB/mlb9jz3iKLk=	\N	f	a.ivanova@young-psy.ru	psychologist	t	f	2026-04-16 19:30:52.779986+07
3	pbkdf2_sha256$1200000$tPUPEsMykQBESIatCgbWHQ$ntqxMXTIxFYsRzO0apo7K2QNfMOzroOqw6jV72LSHKM=	\N	f	m.smirnov@young-psy.ru	psychologist	t	f	2026-04-16 19:30:53.292553+07
4	pbkdf2_sha256$1200000$bkDelYfnGtTGAaJigC8bBC$nRPVEOJ74DDYlJMgTg/rslOwRqXSUimifF4UgzBjI/o=	\N	f	e.kozlova@young-psy.ru	psychologist	t	f	2026-04-16 19:30:53.791372+07
5	pbkdf2_sha256$1200000$jdDKKIrVlk8Um2eXoagUiB$dS3rl5mggUVp3rcNLGdwhKfDuYetgy4kjX+0XY9tgAU=	\N	f	d.novikov@young-psy.ru	psychologist	t	f	2026-04-16 19:30:54.37117+07
6	pbkdf2_sha256$1200000$79uil0OmtuPouLKEzWS1XL$0RrP5Y4ordekn1dT+gVXUqfEAWpfckWZUMhZHAqfmAQ=	\N	f	v.fedorova@young-psy.ru	psychologist	t	f	2026-04-16 19:30:54.886237+07
7	pbkdf2_sha256$1200000$JugeD5f9iMRgcfC08Mogym$ppf+BnQJG+xCEqEWEJpabPgP5EkQ4aZJeirhvHnUMls=	\N	f	i.morozov@young-psy.ru	psychologist	t	f	2026-04-16 19:30:55.371478+07
8	pbkdf2_sha256$1200000$UKCqNTE5Ozi6roONInS2h1$iXniGHKH1AsLDSq50cMmZ2NEE7QMfB4UyLLxFdg51J4=	\N	f	k.volkova@young-psy.ru	psychologist	t	f	2026-04-16 19:30:55.842514+07
9	pbkdf2_sha256$1200000$JQ1pTtU4gEQnUuyJNaRCTb$OA4FWXLnw1V6VinexCSl/WzlyLRYVZZ3tsAsKHiFuCE=	\N	f	r.lebedev@young-psy.ru	psychologist	t	f	2026-04-16 19:30:56.274977+07
10	pbkdf2_sha256$1200000$i3zz3AjklbJRNI5ei4JfUm$DavVqBoGqpas7R63GldBx5Y2NMWKF1aL53UZv7DbUkA=	\N	f	o.orlova@young-psy.ru	psychologist	t	f	2026-04-16 19:30:56.726373+07
11	pbkdf2_sha256$1200000$UZGtk4bwelXWufWrY7vgGL$AdYpc5S9I7yG+dX7cq/qGUUcFNMihSFuzeXvCsuuHCw=	\N	f	p.kovalev@young-psy.ru	psychologist	t	f	2026-04-16 19:30:57.181173+07
12	pbkdf2_sha256$1200000$9hdYPnEJ5KKwmsZkgE1Lbb$H7unGe6GR+8LF3/1+i+c8OaczKjL2PtsAj+Vx3BEEPQ=	\N	f	n.nikolaeva@young-psy.ru	psychologist	t	f	2026-04-16 19:30:57.656387+07
13	pbkdf2_sha256$1200000$QvuWm7rfNUJgOYrwjewnSr$Ig0IPKFr5A8BrQ6lDymCpgBX9QR0t2+1uzQRCtt0UDk=	\N	f	a.andreev@young-psy.ru	psychologist	t	f	2026-04-16 19:30:58.138427+07
14	pbkdf2_sha256$1200000$SqiuaKLTrhNU4uBwU3jCm0$++KGoKHpB4B1fCA6i+ru/u5GYLlAmtCBlW7I5jMIaxg=	\N	f	y.sidorova@young-psy.ru	psychologist	t	f	2026-04-16 19:30:58.594185+07
15	pbkdf2_sha256$1200000$x1CcnURVJpDmOlA8Pn3Xu8$XjksZ9DIfXVEcEEiyDIIRHCuWPI6eF3S1Nm3UeG/L/8=	\N	f	m.egorov@young-psy.ru	psychologist	t	f	2026-04-16 19:30:59.066277+07
16	pbkdf2_sha256$1200000$LxVvJfmMs8W5NyXQaC3zFb$J1clflXd2ymQvoMBlJVZL5MuIl4U0WtA2IWJcBLq13s=	\N	f	s.makarova@young-psy.ru	psychologist	t	f	2026-04-16 19:30:59.524456+07
17	pbkdf2_sha256$1200000$VeYwf7dWZkQZPfaMKknAJg$bONtEu1lAuYIo1FKqhY23baYGh0zIevXHyuBY4zXjNk=	\N	f	client01@young-psy.ru	client	t	f	2026-04-16 19:30:59.991365+07
18	pbkdf2_sha256$1200000$TZYPPIoi4kP1gzd9H4YdBS$kgJplwBnG3moCes0lGB1kAjEsSE8oFIhv4rif8HnWbM=	\N	f	client02@young-psy.ru	client	t	f	2026-04-16 19:31:00.431509+07
19	pbkdf2_sha256$1200000$tXNsUk0u2BnP6ixfzmzOd1$smGgx64goglsFo8S4V3S15RRw3cGOAsAQSo1kXTxazw=	\N	f	client03@young-psy.ru	client	t	f	2026-04-16 19:31:00.874408+07
20	pbkdf2_sha256$1200000$arnBvn45LSlmdXkMH0CIL1$82XVt9jC+HXn5MhBwprOWu4/R9XiGnx8XfBbMezvZZg=	\N	f	client04@young-psy.ru	client	t	f	2026-04-16 19:31:01.339579+07
21	pbkdf2_sha256$1200000$6TfWJtc1yfz6xRKkZ4ABEa$BOUVB3bz6v4lJjOnoD22jQrdS5GmOA0L5l/NXsf4BT8=	\N	f	client05@young-psy.ru	client	t	f	2026-04-16 19:31:01.791685+07
22	pbkdf2_sha256$1200000$SP2GPiZicMpb7N6mYzezFI$qUSroNdy7Eg7s29gDJp6QYje/Bxerug1XC2J8pS8L2c=	\N	f	client06@young-psy.ru	client	t	f	2026-04-16 19:31:02.242894+07
23	pbkdf2_sha256$1200000$NUrYMnB10XnHf48NtNto39$WzcWU8YjEs8Be3IhMoZ09er5VWgpsAIkXkblT3ewytI=	\N	f	client07@young-psy.ru	client	t	f	2026-04-16 19:31:02.687683+07
24	pbkdf2_sha256$1200000$AvYm9HyeIPiUY2Gkct7HNs$79rACHI4BsJwLqLD1eJBs5T7DQjj8sCKgKosfEw3JP0=	\N	f	client08@young-psy.ru	client	t	f	2026-04-16 19:31:03.157767+07
25	pbkdf2_sha256$1200000$uShhgka1Z0DzBTV9AueB8H$rq9FNxZIlg0rJBrFsgY18XPoZVbEx1StRcg3JCZjxqk=	\N	f	client09@young-psy.ru	client	t	f	2026-04-16 19:31:03.617736+07
26	pbkdf2_sha256$1200000$jtfCLtb4dbvrUeHkHixnIA$uBqNYc2IjJhlYt49jDALH48lIpuxq9vx98lyMKmKYzE=	\N	f	client10@young-psy.ru	client	t	f	2026-04-16 19:31:04.085653+07
27	pbkdf2_sha256$1200000$8JgoRG6DGD4O1x5kBtS5Zf$CSEu5CMfcCFeM96GlR86B+RSqi+v593sMSgcW4MeD7M=	\N	f	client11@young-psy.ru	client	t	f	2026-04-16 19:31:04.550834+07
28	pbkdf2_sha256$1200000$GuKfBTmYPepgMI75fi0zLU$3pHmF/5Oa1ZKlJqEsi+KecNDd3osbA+LVHetjgqAsA0=	\N	f	client12@young-psy.ru	client	t	f	2026-04-16 19:31:05.028488+07
29	pbkdf2_sha256$1200000$4NhqFwGXjTJ3Gp5JB9oHkD$dgl+q9twdSEiCf75LEx3NawoLX5R6d4VqMetWVXK/u0=	\N	f	client13@young-psy.ru	client	t	f	2026-04-16 19:31:05.465873+07
30	pbkdf2_sha256$1200000$WE7LcGmurLEfpdbGRcfemL$7aIkpSVW+DJXUWF1NgqrlEymvusnDqe61LB70LDS+Wo=	\N	f	client14@young-psy.ru	client	t	f	2026-04-16 19:31:05.918988+07
31	pbkdf2_sha256$1200000$f92xVnWEysiW5VsQQGDGV8$1rp26rjVaGAUc4p6J4XDFMuNjfFhJ7jUjI9CC3U2oFE=	\N	f	client15@young-psy.ru	client	t	f	2026-04-16 19:31:06.383504+07
32	pbkdf2_sha256$1200000$iaCmMxdwg3jLV6hnMHbFpz$EahYM0aoiBHBU5coC28YMQuClDZHAdqWUzlYNX5mx/4=	\N	f	test295610245@young-psy.ru	client	f	f	2026-04-16 19:37:31.633559+07
\.


--
-- Data for Name: users_groups; Type: TABLE DATA; Schema: public; Owner: postgres
--

COPY public.users_groups (id, user_id, group_id) FROM stdin;
\.


--
-- Data for Name: users_user_permissions; Type: TABLE DATA; Schema: public; Owner: postgres
--

COPY public.users_user_permissions (id, user_id, permission_id) FROM stdin;
\.


--
-- Name: appointments_id_seq; Type: SEQUENCE SET; Schema: public; Owner: postgres
--

SELECT pg_catalog.setval('public.appointments_id_seq', 15, true);


--
-- Name: auth_group_id_seq; Type: SEQUENCE SET; Schema: public; Owner: postgres
--

SELECT pg_catalog.setval('public.auth_group_id_seq', 1, false);


--
-- Name: auth_group_permissions_id_seq; Type: SEQUENCE SET; Schema: public; Owner: postgres
--

SELECT pg_catalog.setval('public.auth_group_permissions_id_seq', 1, false);


--
-- Name: auth_permission_id_seq; Type: SEQUENCE SET; Schema: public; Owner: postgres
--

SELECT pg_catalog.setval('public.auth_permission_id_seq', 60, true);


--
-- Name: client_profiles_id_seq; Type: SEQUENCE SET; Schema: public; Owner: postgres
--

SELECT pg_catalog.setval('public.client_profiles_id_seq', 16, true);


--
-- Name: django_admin_log_id_seq; Type: SEQUENCE SET; Schema: public; Owner: postgres
--

SELECT pg_catalog.setval('public.django_admin_log_id_seq', 1, false);


--
-- Name: django_content_type_id_seq; Type: SEQUENCE SET; Schema: public; Owner: postgres
--

SELECT pg_catalog.setval('public.django_content_type_id_seq', 15, true);


--
-- Name: django_migrations_id_seq; Type: SEQUENCE SET; Schema: public; Owner: postgres
--

SELECT pg_catalog.setval('public.django_migrations_id_seq', 32, true);


--
-- Name: email_confirmation_tokens_id_seq; Type: SEQUENCE SET; Schema: public; Owner: postgres
--

SELECT pg_catalog.setval('public.email_confirmation_tokens_id_seq', 32, true);


--
-- Name: notifications_id_seq; Type: SEQUENCE SET; Schema: public; Owner: postgres
--

SELECT pg_catalog.setval('public.notifications_id_seq', 15, true);


--
-- Name: psychologist_profiles_id_seq; Type: SEQUENCE SET; Schema: public; Owner: postgres
--

SELECT pg_catalog.setval('public.psychologist_profiles_id_seq', 15, true);


--
-- Name: psychologist_specializations_id_seq; Type: SEQUENCE SET; Schema: public; Owner: postgres
--

SELECT pg_catalog.setval('public.psychologist_specializations_id_seq', 30, true);


--
-- Name: reviews_id_seq; Type: SEQUENCE SET; Schema: public; Owner: postgres
--

SELECT pg_catalog.setval('public.reviews_id_seq', 15, true);


--
-- Name: specializations_id_seq; Type: SEQUENCE SET; Schema: public; Owner: postgres
--

SELECT pg_catalog.setval('public.specializations_id_seq', 15, true);


--
-- Name: time_slots_id_seq; Type: SEQUENCE SET; Schema: public; Owner: postgres
--

SELECT pg_catalog.setval('public.time_slots_id_seq', 60, true);


--
-- Name: users_groups_id_seq; Type: SEQUENCE SET; Schema: public; Owner: postgres
--

SELECT pg_catalog.setval('public.users_groups_id_seq', 1, false);


--
-- Name: users_id_seq; Type: SEQUENCE SET; Schema: public; Owner: postgres
--

SELECT pg_catalog.setval('public.users_id_seq', 32, true);


--
-- Name: users_user_permissions_id_seq; Type: SEQUENCE SET; Schema: public; Owner: postgres
--

SELECT pg_catalog.setval('public.users_user_permissions_id_seq', 1, false);


--
-- Name: appointments appointments_pkey; Type: CONSTRAINT; Schema: public; Owner: postgres
--

ALTER TABLE ONLY public.appointments
    ADD CONSTRAINT appointments_pkey PRIMARY KEY (id);


--
-- Name: appointments appointments_time_slot_id_key; Type: CONSTRAINT; Schema: public; Owner: postgres
--

ALTER TABLE ONLY public.appointments
    ADD CONSTRAINT appointments_time_slot_id_key UNIQUE (time_slot_id);


--
-- Name: auth_group auth_group_name_key; Type: CONSTRAINT; Schema: public; Owner: postgres
--

ALTER TABLE ONLY public.auth_group
    ADD CONSTRAINT auth_group_name_key UNIQUE (name);


--
-- Name: auth_group_permissions auth_group_permissions_group_id_permission_id_0cd325b0_uniq; Type: CONSTRAINT; Schema: public; Owner: postgres
--

ALTER TABLE ONLY public.auth_group_permissions
    ADD CONSTRAINT auth_group_permissions_group_id_permission_id_0cd325b0_uniq UNIQUE (group_id, permission_id);


--
-- Name: auth_group_permissions auth_group_permissions_pkey; Type: CONSTRAINT; Schema: public; Owner: postgres
--

ALTER TABLE ONLY public.auth_group_permissions
    ADD CONSTRAINT auth_group_permissions_pkey PRIMARY KEY (id);


--
-- Name: auth_group auth_group_pkey; Type: CONSTRAINT; Schema: public; Owner: postgres
--

ALTER TABLE ONLY public.auth_group
    ADD CONSTRAINT auth_group_pkey PRIMARY KEY (id);


--
-- Name: auth_permission auth_permission_content_type_id_codename_01ab375a_uniq; Type: CONSTRAINT; Schema: public; Owner: postgres
--

ALTER TABLE ONLY public.auth_permission
    ADD CONSTRAINT auth_permission_content_type_id_codename_01ab375a_uniq UNIQUE (content_type_id, codename);


--
-- Name: auth_permission auth_permission_pkey; Type: CONSTRAINT; Schema: public; Owner: postgres
--

ALTER TABLE ONLY public.auth_permission
    ADD CONSTRAINT auth_permission_pkey PRIMARY KEY (id);


--
-- Name: client_profiles client_profiles_pkey; Type: CONSTRAINT; Schema: public; Owner: postgres
--

ALTER TABLE ONLY public.client_profiles
    ADD CONSTRAINT client_profiles_pkey PRIMARY KEY (id);


--
-- Name: client_profiles client_profiles_user_id_key; Type: CONSTRAINT; Schema: public; Owner: postgres
--

ALTER TABLE ONLY public.client_profiles
    ADD CONSTRAINT client_profiles_user_id_key UNIQUE (user_id);


--
-- Name: django_admin_log django_admin_log_pkey; Type: CONSTRAINT; Schema: public; Owner: postgres
--

ALTER TABLE ONLY public.django_admin_log
    ADD CONSTRAINT django_admin_log_pkey PRIMARY KEY (id);


--
-- Name: django_content_type django_content_type_app_label_model_76bd3d3b_uniq; Type: CONSTRAINT; Schema: public; Owner: postgres
--

ALTER TABLE ONLY public.django_content_type
    ADD CONSTRAINT django_content_type_app_label_model_76bd3d3b_uniq UNIQUE (app_label, model);


--
-- Name: django_content_type django_content_type_pkey; Type: CONSTRAINT; Schema: public; Owner: postgres
--

ALTER TABLE ONLY public.django_content_type
    ADD CONSTRAINT django_content_type_pkey PRIMARY KEY (id);


--
-- Name: django_migrations django_migrations_pkey; Type: CONSTRAINT; Schema: public; Owner: postgres
--

ALTER TABLE ONLY public.django_migrations
    ADD CONSTRAINT django_migrations_pkey PRIMARY KEY (id);


--
-- Name: django_session django_session_pkey; Type: CONSTRAINT; Schema: public; Owner: postgres
--

ALTER TABLE ONLY public.django_session
    ADD CONSTRAINT django_session_pkey PRIMARY KEY (session_key);


--
-- Name: email_confirmation_tokens email_confirmation_tokens_pkey; Type: CONSTRAINT; Schema: public; Owner: postgres
--

ALTER TABLE ONLY public.email_confirmation_tokens
    ADD CONSTRAINT email_confirmation_tokens_pkey PRIMARY KEY (id);


--
-- Name: email_confirmation_tokens email_confirmation_tokens_token_key; Type: CONSTRAINT; Schema: public; Owner: postgres
--

ALTER TABLE ONLY public.email_confirmation_tokens
    ADD CONSTRAINT email_confirmation_tokens_token_key UNIQUE (token);


--
-- Name: notifications notifications_pkey; Type: CONSTRAINT; Schema: public; Owner: postgres
--

ALTER TABLE ONLY public.notifications
    ADD CONSTRAINT notifications_pkey PRIMARY KEY (id);


--
-- Name: psychologist_profiles psychologist_profiles_pkey; Type: CONSTRAINT; Schema: public; Owner: postgres
--

ALTER TABLE ONLY public.psychologist_profiles
    ADD CONSTRAINT psychologist_profiles_pkey PRIMARY KEY (id);


--
-- Name: psychologist_profiles psychologist_profiles_user_id_key; Type: CONSTRAINT; Schema: public; Owner: postgres
--

ALTER TABLE ONLY public.psychologist_profiles
    ADD CONSTRAINT psychologist_profiles_user_id_key UNIQUE (user_id);


--
-- Name: psychologist_specializations psychologist_specializat_psychologist_id_speciali_541db4d2_uniq; Type: CONSTRAINT; Schema: public; Owner: postgres
--

ALTER TABLE ONLY public.psychologist_specializations
    ADD CONSTRAINT psychologist_specializat_psychologist_id_speciali_541db4d2_uniq UNIQUE (psychologist_id, specialization_id);


--
-- Name: psychologist_specializations psychologist_specializations_pkey; Type: CONSTRAINT; Schema: public; Owner: postgres
--

ALTER TABLE ONLY public.psychologist_specializations
    ADD CONSTRAINT psychologist_specializations_pkey PRIMARY KEY (id);


--
-- Name: reviews reviews_appointment_id_key; Type: CONSTRAINT; Schema: public; Owner: postgres
--

ALTER TABLE ONLY public.reviews
    ADD CONSTRAINT reviews_appointment_id_key UNIQUE (appointment_id);


--
-- Name: reviews reviews_pkey; Type: CONSTRAINT; Schema: public; Owner: postgres
--

ALTER TABLE ONLY public.reviews
    ADD CONSTRAINT reviews_pkey PRIMARY KEY (id);


--
-- Name: specializations specializations_name_key; Type: CONSTRAINT; Schema: public; Owner: postgres
--

ALTER TABLE ONLY public.specializations
    ADD CONSTRAINT specializations_name_key UNIQUE (name);


--
-- Name: specializations specializations_pkey; Type: CONSTRAINT; Schema: public; Owner: postgres
--

ALTER TABLE ONLY public.specializations
    ADD CONSTRAINT specializations_pkey PRIMARY KEY (id);


--
-- Name: specializations specializations_slug_key; Type: CONSTRAINT; Schema: public; Owner: postgres
--

ALTER TABLE ONLY public.specializations
    ADD CONSTRAINT specializations_slug_key UNIQUE (slug);


--
-- Name: time_slots time_slots_pkey; Type: CONSTRAINT; Schema: public; Owner: postgres
--

ALTER TABLE ONLY public.time_slots
    ADD CONSTRAINT time_slots_pkey PRIMARY KEY (id);


--
-- Name: time_slots time_slots_psychologist_id_date_start_time_b072a47a_uniq; Type: CONSTRAINT; Schema: public; Owner: postgres
--

ALTER TABLE ONLY public.time_slots
    ADD CONSTRAINT time_slots_psychologist_id_date_start_time_b072a47a_uniq UNIQUE (psychologist_id, date, start_time);


--
-- Name: users users_email_key; Type: CONSTRAINT; Schema: public; Owner: postgres
--

ALTER TABLE ONLY public.users
    ADD CONSTRAINT users_email_key UNIQUE (email);


--
-- Name: users_groups users_groups_pkey; Type: CONSTRAINT; Schema: public; Owner: postgres
--

ALTER TABLE ONLY public.users_groups
    ADD CONSTRAINT users_groups_pkey PRIMARY KEY (id);


--
-- Name: users_groups users_groups_user_id_group_id_fc7788e8_uniq; Type: CONSTRAINT; Schema: public; Owner: postgres
--

ALTER TABLE ONLY public.users_groups
    ADD CONSTRAINT users_groups_user_id_group_id_fc7788e8_uniq UNIQUE (user_id, group_id);


--
-- Name: users users_pkey; Type: CONSTRAINT; Schema: public; Owner: postgres
--

ALTER TABLE ONLY public.users
    ADD CONSTRAINT users_pkey PRIMARY KEY (id);


--
-- Name: users_user_permissions users_user_permissions_pkey; Type: CONSTRAINT; Schema: public; Owner: postgres
--

ALTER TABLE ONLY public.users_user_permissions
    ADD CONSTRAINT users_user_permissions_pkey PRIMARY KEY (id);


--
-- Name: users_user_permissions users_user_permissions_user_id_permission_id_3b86cbdf_uniq; Type: CONSTRAINT; Schema: public; Owner: postgres
--

ALTER TABLE ONLY public.users_user_permissions
    ADD CONSTRAINT users_user_permissions_user_id_permission_id_3b86cbdf_uniq UNIQUE (user_id, permission_id);


--
-- Name: appointments_client_id_ed088e20; Type: INDEX; Schema: public; Owner: postgres
--

CREATE INDEX appointments_client_id_ed088e20 ON public.appointments USING btree (client_id);


--
-- Name: appointments_psychologist_id_9e301a3d; Type: INDEX; Schema: public; Owner: postgres
--

CREATE INDEX appointments_psychologist_id_9e301a3d ON public.appointments USING btree (psychologist_id);


--
-- Name: appointments_status_ff89895a; Type: INDEX; Schema: public; Owner: postgres
--

CREATE INDEX appointments_status_ff89895a ON public.appointments USING btree (status);


--
-- Name: appointments_status_ff89895a_like; Type: INDEX; Schema: public; Owner: postgres
--

CREATE INDEX appointments_status_ff89895a_like ON public.appointments USING btree (status varchar_pattern_ops);


--
-- Name: auth_group_name_a6ea08ec_like; Type: INDEX; Schema: public; Owner: postgres
--

CREATE INDEX auth_group_name_a6ea08ec_like ON public.auth_group USING btree (name varchar_pattern_ops);


--
-- Name: auth_group_permissions_group_id_b120cbf9; Type: INDEX; Schema: public; Owner: postgres
--

CREATE INDEX auth_group_permissions_group_id_b120cbf9 ON public.auth_group_permissions USING btree (group_id);


--
-- Name: auth_group_permissions_permission_id_84c5c92e; Type: INDEX; Schema: public; Owner: postgres
--

CREATE INDEX auth_group_permissions_permission_id_84c5c92e ON public.auth_group_permissions USING btree (permission_id);


--
-- Name: auth_permission_content_type_id_2f476e4b; Type: INDEX; Schema: public; Owner: postgres
--

CREATE INDEX auth_permission_content_type_id_2f476e4b ON public.auth_permission USING btree (content_type_id);


--
-- Name: django_admin_log_content_type_id_c4bce8eb; Type: INDEX; Schema: public; Owner: postgres
--

CREATE INDEX django_admin_log_content_type_id_c4bce8eb ON public.django_admin_log USING btree (content_type_id);


--
-- Name: django_admin_log_user_id_c564eba6; Type: INDEX; Schema: public; Owner: postgres
--

CREATE INDEX django_admin_log_user_id_c564eba6 ON public.django_admin_log USING btree (user_id);


--
-- Name: django_session_expire_date_a5c62663; Type: INDEX; Schema: public; Owner: postgres
--

CREATE INDEX django_session_expire_date_a5c62663 ON public.django_session USING btree (expire_date);


--
-- Name: django_session_session_key_c0390e0f_like; Type: INDEX; Schema: public; Owner: postgres
--

CREATE INDEX django_session_session_key_c0390e0f_like ON public.django_session USING btree (session_key varchar_pattern_ops);


--
-- Name: email_confirmation_tokens_user_id_4f543bec; Type: INDEX; Schema: public; Owner: postgres
--

CREATE INDEX email_confirmation_tokens_user_id_4f543bec ON public.email_confirmation_tokens USING btree (user_id);


--
-- Name: notifications_user_id_468e288d; Type: INDEX; Schema: public; Owner: postgres
--

CREATE INDEX notifications_user_id_468e288d ON public.notifications USING btree (user_id);


--
-- Name: psychologist_specializations_psychologist_id_4d69ac51; Type: INDEX; Schema: public; Owner: postgres
--

CREATE INDEX psychologist_specializations_psychologist_id_4d69ac51 ON public.psychologist_specializations USING btree (psychologist_id);


--
-- Name: psychologist_specializations_specialization_id_cb576c77; Type: INDEX; Schema: public; Owner: postgres
--

CREATE INDEX psychologist_specializations_specialization_id_cb576c77 ON public.psychologist_specializations USING btree (specialization_id);


--
-- Name: specializations_name_a9fe49f3_like; Type: INDEX; Schema: public; Owner: postgres
--

CREATE INDEX specializations_name_a9fe49f3_like ON public.specializations USING btree (name varchar_pattern_ops);


--
-- Name: specializations_slug_7284e6fc_like; Type: INDEX; Schema: public; Owner: postgres
--

CREATE INDEX specializations_slug_7284e6fc_like ON public.specializations USING btree (slug varchar_pattern_ops);


--
-- Name: time_slots_date_d554e2f9; Type: INDEX; Schema: public; Owner: postgres
--

CREATE INDEX time_slots_date_d554e2f9 ON public.time_slots USING btree (date);


--
-- Name: time_slots_psychologist_id_93c87fbe; Type: INDEX; Schema: public; Owner: postgres
--

CREATE INDEX time_slots_psychologist_id_93c87fbe ON public.time_slots USING btree (psychologist_id);


--
-- Name: users_email_0ea73cca_like; Type: INDEX; Schema: public; Owner: postgres
--

CREATE INDEX users_email_0ea73cca_like ON public.users USING btree (email varchar_pattern_ops);


--
-- Name: users_groups_group_id_2f3517aa; Type: INDEX; Schema: public; Owner: postgres
--

CREATE INDEX users_groups_group_id_2f3517aa ON public.users_groups USING btree (group_id);


--
-- Name: users_groups_user_id_f500bee5; Type: INDEX; Schema: public; Owner: postgres
--

CREATE INDEX users_groups_user_id_f500bee5 ON public.users_groups USING btree (user_id);


--
-- Name: users_user_permissions_permission_id_6d08dcd2; Type: INDEX; Schema: public; Owner: postgres
--

CREATE INDEX users_user_permissions_permission_id_6d08dcd2 ON public.users_user_permissions USING btree (permission_id);


--
-- Name: users_user_permissions_user_id_92473840; Type: INDEX; Schema: public; Owner: postgres
--

CREATE INDEX users_user_permissions_user_id_92473840 ON public.users_user_permissions USING btree (user_id);


--
-- Name: appointments appointments_client_id_ed088e20_fk_client_profiles_id; Type: FK CONSTRAINT; Schema: public; Owner: postgres
--

ALTER TABLE ONLY public.appointments
    ADD CONSTRAINT appointments_client_id_ed088e20_fk_client_profiles_id FOREIGN KEY (client_id) REFERENCES public.client_profiles(id) DEFERRABLE INITIALLY DEFERRED;


--
-- Name: appointments appointments_psychologist_id_9e301a3d_fk_psycholog; Type: FK CONSTRAINT; Schema: public; Owner: postgres
--

ALTER TABLE ONLY public.appointments
    ADD CONSTRAINT appointments_psychologist_id_9e301a3d_fk_psycholog FOREIGN KEY (psychologist_id) REFERENCES public.psychologist_profiles(id) DEFERRABLE INITIALLY DEFERRED;


--
-- Name: appointments appointments_time_slot_id_95fedf04_fk_time_slots_id; Type: FK CONSTRAINT; Schema: public; Owner: postgres
--

ALTER TABLE ONLY public.appointments
    ADD CONSTRAINT appointments_time_slot_id_95fedf04_fk_time_slots_id FOREIGN KEY (time_slot_id) REFERENCES public.time_slots(id) DEFERRABLE INITIALLY DEFERRED;


--
-- Name: auth_group_permissions auth_group_permissio_permission_id_84c5c92e_fk_auth_perm; Type: FK CONSTRAINT; Schema: public; Owner: postgres
--

ALTER TABLE ONLY public.auth_group_permissions
    ADD CONSTRAINT auth_group_permissio_permission_id_84c5c92e_fk_auth_perm FOREIGN KEY (permission_id) REFERENCES public.auth_permission(id) DEFERRABLE INITIALLY DEFERRED;


--
-- Name: auth_group_permissions auth_group_permissions_group_id_b120cbf9_fk_auth_group_id; Type: FK CONSTRAINT; Schema: public; Owner: postgres
--

ALTER TABLE ONLY public.auth_group_permissions
    ADD CONSTRAINT auth_group_permissions_group_id_b120cbf9_fk_auth_group_id FOREIGN KEY (group_id) REFERENCES public.auth_group(id) DEFERRABLE INITIALLY DEFERRED;


--
-- Name: auth_permission auth_permission_content_type_id_2f476e4b_fk_django_co; Type: FK CONSTRAINT; Schema: public; Owner: postgres
--

ALTER TABLE ONLY public.auth_permission
    ADD CONSTRAINT auth_permission_content_type_id_2f476e4b_fk_django_co FOREIGN KEY (content_type_id) REFERENCES public.django_content_type(id) DEFERRABLE INITIALLY DEFERRED;


--
-- Name: client_profiles client_profiles_user_id_2c51f42e_fk_users_id; Type: FK CONSTRAINT; Schema: public; Owner: postgres
--

ALTER TABLE ONLY public.client_profiles
    ADD CONSTRAINT client_profiles_user_id_2c51f42e_fk_users_id FOREIGN KEY (user_id) REFERENCES public.users(id) DEFERRABLE INITIALLY DEFERRED;


--
-- Name: django_admin_log django_admin_log_content_type_id_c4bce8eb_fk_django_co; Type: FK CONSTRAINT; Schema: public; Owner: postgres
--

ALTER TABLE ONLY public.django_admin_log
    ADD CONSTRAINT django_admin_log_content_type_id_c4bce8eb_fk_django_co FOREIGN KEY (content_type_id) REFERENCES public.django_content_type(id) DEFERRABLE INITIALLY DEFERRED;


--
-- Name: django_admin_log django_admin_log_user_id_c564eba6_fk_users_id; Type: FK CONSTRAINT; Schema: public; Owner: postgres
--

ALTER TABLE ONLY public.django_admin_log
    ADD CONSTRAINT django_admin_log_user_id_c564eba6_fk_users_id FOREIGN KEY (user_id) REFERENCES public.users(id) DEFERRABLE INITIALLY DEFERRED;


--
-- Name: email_confirmation_tokens email_confirmation_tokens_user_id_4f543bec_fk_users_id; Type: FK CONSTRAINT; Schema: public; Owner: postgres
--

ALTER TABLE ONLY public.email_confirmation_tokens
    ADD CONSTRAINT email_confirmation_tokens_user_id_4f543bec_fk_users_id FOREIGN KEY (user_id) REFERENCES public.users(id) DEFERRABLE INITIALLY DEFERRED;


--
-- Name: notifications notifications_user_id_468e288d_fk_users_id; Type: FK CONSTRAINT; Schema: public; Owner: postgres
--

ALTER TABLE ONLY public.notifications
    ADD CONSTRAINT notifications_user_id_468e288d_fk_users_id FOREIGN KEY (user_id) REFERENCES public.users(id) DEFERRABLE INITIALLY DEFERRED;


--
-- Name: psychologist_profiles psychologist_profiles_user_id_2abb595a_fk_users_id; Type: FK CONSTRAINT; Schema: public; Owner: postgres
--

ALTER TABLE ONLY public.psychologist_profiles
    ADD CONSTRAINT psychologist_profiles_user_id_2abb595a_fk_users_id FOREIGN KEY (user_id) REFERENCES public.users(id) DEFERRABLE INITIALLY DEFERRED;


--
-- Name: psychologist_specializations psychologist_special_psychologist_id_4d69ac51_fk_psycholog; Type: FK CONSTRAINT; Schema: public; Owner: postgres
--

ALTER TABLE ONLY public.psychologist_specializations
    ADD CONSTRAINT psychologist_special_psychologist_id_4d69ac51_fk_psycholog FOREIGN KEY (psychologist_id) REFERENCES public.psychologist_profiles(id) DEFERRABLE INITIALLY DEFERRED;


--
-- Name: psychologist_specializations psychologist_special_specialization_id_cb576c77_fk_specializ; Type: FK CONSTRAINT; Schema: public; Owner: postgres
--

ALTER TABLE ONLY public.psychologist_specializations
    ADD CONSTRAINT psychologist_special_specialization_id_cb576c77_fk_specializ FOREIGN KEY (specialization_id) REFERENCES public.specializations(id) DEFERRABLE INITIALLY DEFERRED;


--
-- Name: reviews reviews_appointment_id_9141b057_fk_appointments_id; Type: FK CONSTRAINT; Schema: public; Owner: postgres
--

ALTER TABLE ONLY public.reviews
    ADD CONSTRAINT reviews_appointment_id_9141b057_fk_appointments_id FOREIGN KEY (appointment_id) REFERENCES public.appointments(id) DEFERRABLE INITIALLY DEFERRED;


--
-- Name: time_slots time_slots_psychologist_id_93c87fbe_fk_psychologist_profiles_id; Type: FK CONSTRAINT; Schema: public; Owner: postgres
--

ALTER TABLE ONLY public.time_slots
    ADD CONSTRAINT time_slots_psychologist_id_93c87fbe_fk_psychologist_profiles_id FOREIGN KEY (psychologist_id) REFERENCES public.psychologist_profiles(id) DEFERRABLE INITIALLY DEFERRED;


--
-- Name: users_groups users_groups_group_id_2f3517aa_fk_auth_group_id; Type: FK CONSTRAINT; Schema: public; Owner: postgres
--

ALTER TABLE ONLY public.users_groups
    ADD CONSTRAINT users_groups_group_id_2f3517aa_fk_auth_group_id FOREIGN KEY (group_id) REFERENCES public.auth_group(id) DEFERRABLE INITIALLY DEFERRED;


--
-- Name: users_groups users_groups_user_id_f500bee5_fk_users_id; Type: FK CONSTRAINT; Schema: public; Owner: postgres
--

ALTER TABLE ONLY public.users_groups
    ADD CONSTRAINT users_groups_user_id_f500bee5_fk_users_id FOREIGN KEY (user_id) REFERENCES public.users(id) DEFERRABLE INITIALLY DEFERRED;


--
-- Name: users_user_permissions users_user_permissio_permission_id_6d08dcd2_fk_auth_perm; Type: FK CONSTRAINT; Schema: public; Owner: postgres
--

ALTER TABLE ONLY public.users_user_permissions
    ADD CONSTRAINT users_user_permissio_permission_id_6d08dcd2_fk_auth_perm FOREIGN KEY (permission_id) REFERENCES public.auth_permission(id) DEFERRABLE INITIALLY DEFERRED;


--
-- Name: users_user_permissions users_user_permissions_user_id_92473840_fk_users_id; Type: FK CONSTRAINT; Schema: public; Owner: postgres
--

ALTER TABLE ONLY public.users_user_permissions
    ADD CONSTRAINT users_user_permissions_user_id_92473840_fk_users_id FOREIGN KEY (user_id) REFERENCES public.users(id) DEFERRABLE INITIALLY DEFERRED;


--
-- PostgreSQL database dump complete
--

\unrestrict 6hy0Z0ybE5f3UEVZuK4ziJk3MrhNTyFtYentqPN8rcgo5HKQwQwnNwKMUWDajXV

